Missing,
https://twitter.com/cruzrojaecuador/status/723360722319626241,Trabajamos sin descanso. Realizamos Búsqueda y Rescate de afectados por #Terremoto #Sismo #Ecuador
https://twitter.com/dayannamonroy/status/721934961675268096,"Sigue la búsqueda. Ellos esperan a Vanesa, hoy es su cumpleaños, podría estar con vida en los escombros. #Terremoto"
https://twitter.com/ecuavisa/status/722554522963353600,#TerremotoEcuador Familias buscan a desaparecidos mediante las redes sociales : http://bit.ly/23INN61 
https://twitter.com/shababaty/status/722267913084923907,Iniciativa ciudadana #DesaparecidosEC Recopila info sobre desaparecidos http://bit.ly/1WBtBxx  #TerremotoEcuador 
https://twitter.com/CNNEE/status/721795776398159872,Colombia busca conciudadanos desaparecidos tras el terremoto de Ecuador http://cnn.it/269gfgj  #TerremotoEcuador
https://twitter.com/JohnsonSaenz_/status/722619114435518464,AYÚDANOS A ENCONTRARLOS!!! ESTÁN #DESAPARECIDOS #TerremotoEcuador 
https://twitter.com/Xavi182Emelec/status/722120069732507651,En Portoviejo desaparecidos desde hace tiempo Pilas #TerremotoEcuador @El_Padrinator
https://twitter.com/elcomerciocom/status/726062256111259648,#TerremotoEcuador: La cifra de desaparecidos tras el terremoto bajó de 42 a 33 » http://bit.ly/CifraBaja 
https://twitter.com/Blankimonki/status/722156527826640897,RT URGENTE. #TerremotoEcuador @icampana creó un portal para buscar a desaparecidos. Link http://desaparecidos.domo.ec/ 
https://twitter.com/JohnsonSaenz_/status/722619429729734656,Están #DESAPARECIDOS AYÚDANOS A ENCONTRARLOS RT #TerremotoEcuador
https://twitter.com/carlosnareaf/status/721761458137219072,"Este niño está perdido en Pedernales. Por favor, cualquier info es bienvenida. Se llama José David."
https://twitter.com/Tania32132/status/721740805040263168,"Ayuda. Desaparecidos: Carlos Andres Chacon, Myriam Elizabeth Jiménez y niño #Pedernales #TerremotoEcuador #ECU911"
https://twitter.com/JornadaMendoza/status/726529854477213698,#Ecuador: Buscan a diez argentinos desaparecidos en el #Terremoto http://www.jornadaonline.com/tw/154892 
https://twitter.com/SeguridadBlanca/status/721840580368707584,Fuente confiable donde estén los nombres de los desaparecidos y/o fallecidos? #terremoto #ecuador #desaparecidosecuador #desaparecidosec
https://twitter.com/SeguridadBlanca/status/721838136586813442,https://drive.google.com/folderview?id=0B9TKzj3mPI-LMVllb25fcGpSWkk&usp=sharing … Desaparecidos por el #terremoto en #Ecuador
https://twitter.com/jarii_la/status/722096760705937408,#DesaparecidosEC su ayuda por favor con su ayuda están desaparecidos toda la familia viven en CANOA por favor 
https://twitter.com/ferpesantez/status/721540621119447040,URGENTE en Canoa hay gente atrapada en estructuras y no llega ayuda me confirma una amiga. Difundan x favor #TerremotoEcuador @tomebamba
https://twitter.com/ShirCath/status/722271476657860608,@La_Kathu @Mirellamusic por favor DIFUNDIR! Necesitan rescate Urgente #TerremotoEcuador #EcuadorSomosTodos ??
https://twitter.com/PamelaVParra/status/721558591942041600,En #Pedernales y #bahiadecaraquez hay gente atrapada en los escombros. Piden ayuda urgente. #TerremotoEcuador
https://twitter.com/ferpesantez/status/721540621119447040,URGENTE en Canoa hay gente atrapada en estructuras y no llega ayuda me confirma una amiga. Difundan x favor #TerremotoEcuador @tomebamba
https://twitter.com/Don_Silvin/status/721802146333794305,#DesaparecidosEC Nelson Sanchez y su bebé de 4 meses desaparecidos en Portoviejo la familia está preocupada 
https://twitter.com/JoseRCCC/status/721926049093824512,Lista de desaparecidos @DonBurroReal #DesaparecidosEC 
https://twitter.com/MARYDU1982/status/722119217068253184,"#DesaparecidosEC Ayuden están desaparecidos en manta Anita López,Alex Tixilima,Erick,orly,Emily Tixilima López son6 "
https://twitter.com/EcuadorSeguro1/status/722123917196963841,Línea 1800 DELITO (335496) Opción 3 Desaparecidos habilitada para reportar #DesaparecidosEC #EcuadorListoYSolidario
https://twitter.com/adrianareyesu/status/722123889975955457,Por favor desaparecidos en Jama Patricia Caicedo y Reonel Castillo #DesaparecidosEC 
https://twitter.com/pricesitra/status/722284750480740352,desaparecidos karen daniela garcia alvarez y su hijo luis ramirez x favor ayudennos san vicente #DesaparecidosEC 
https://twitter.com/ToreraBSC/status/722099729031684096,@decasaencasatc #DesaparecidosEC Familia Cedeño Ponce De Manta Desaparecidos en Tarqui . Comunicarse a 0939740798
https://twitter.com/ComunicadorBSC/status/721914860536270849,Helmer Huanca y sus hijos continúan desaparecidos en Pedernales. Comunicarse al (0999709564) #DesaparecidosEC 
https://twitter.com/la_troyana_/status/723074206754308096,#DesaparecidosEC ??no descansamos hasta encontrarlos a ellos y a todos los desaparecidos 
https://twitter.com/SeguridadBlanca/status/721851202493943809,"Lista de desaparecidos, ayúdanos a mantenerla actualizada https://docs.google.com/spreadsheets/d/1ornMNzY_lZKKXyE8MYi5QsnzZr13PUXJpeTSjL-jfcg/edit#gid=0 … #DesaparecidosEC #DesaparecidosEcuador"
https://twitter.com/sarrobo/status/721815169685434368,"Se buscan, desaparecidos en #Pedernales RT por favor! https://twitter.com/loreplantita/status/721814370045587457 … #DesaparecidosEC "
https://twitter.com/ladydcu/status/721909269231222784,siguen desaparecidos . Si saben algo de ellos llamar al 0985197769 #DesaparecidosEC @RTS_LaNoticia gracias
https://twitter.com/Don_Silvin/status/721802745464954880,#DesaparecidosEC Nelson Sanchez y su bebé de 4 meses desaparecidos en Portoviejo cualquier novedad 0994294295 
https://twitter.com/cherenkov_d/status/721852176532926464,Lista de desaparecidos: ayúdanos a mantenerla actualizada. #DesaparecidosEC https://drive.google.com/open?id=1ornMNzY_lZKKXyE8MYi5QsnzZr13PUXJpeTSjL-jfcg … DF @interdigi @eljacso
https://twitter.com/mulatarumbera/status/722913719475306497,[AYUDA] Ellos están desaparecidos Angela Coba y Xavier Casanova. Por favor dale RT. Gracias #DesaparecidosEC 
https://twitter.com/CarlosSteven_/status/722095918741381120,Familia Ortiz Barberan desaparecidos en Jama #DesaparecidosEC #TerremotoEcuador por favor Rt se los agradecería
https://twitter.com/ConyLane/status/723003248332910592,"Si tienen desaparecidos en los pueblos d la vía desde Canoa a Tabuga, avisenme para dar su info al grupo q va para allá #DesaparecidosEC"
https://twitter.com/JJouvin/status/722629218253807618,"""@Maruerp: Desaparecidos dsd sábado los Hnos Ursula y Francisco García Zambrano de Pedernales #DesaparecidosEC hacer RT x favor"" @aguschmer"
https://twitter.com/elcomerciocom/status/722426845975736320,[#DesaparecidosEC] RT @VIERJA50RUGEL solicita ayuda para encontrar a sus familiares desaparecidos: 
https://twitter.com/B3scobar/status/722196593433305088,"#DesaparecidosEC Sigo actualizando, si alguien más apareció diganme o por más desaparecidos https://drive.google.com/folderview?id=0B9TKzj3mPI-LMVllb25fcGpSWkk&usp=sharing …"
https://twitter.com/Juana_Dulce/status/722125714636599296,Para buscar desaparecidos usa responsablemente esta plataforma: https://pl.nlm.nih.gov/eceq/search#searchAll … y el HT #DesaparecidosEC 
https://twitter.com/elcomerciocom/status/722100548539912192,[ #DesaparecidosEC ] RT @solange_maykel Karen García y su hijo están desaparecidos. Tu ayuda para encontrarlos. 
https://twitter.com/aypajaritos/status/722863213923045376,"#DesaparecidosEC Matías Bramuel y Rocío Domique La Palma, argentinos desaparecidos tras #SismoEcuador"
https://twitter.com/LordsdeEcuador/status/722514976863305728,"Samuel y Manus Britos, Argentinos desaparecidos en Canoa #TerremotoEcuador #DesaparecidosEC @RISUSS_Ec #RT"
https://twitter.com/monisua811/status/722130094362386438,[ #DesaparecidosEC ] RT solange_maykel Karen García y su hijo están desaparecidos. Tu ayuda para encontrarlos. 
https://twitter.com/ComunicadorBSC/status/722060411017818112,Hay que seguir buscando.La pareja de esposos y su pequeño hijo siguen desaparecidos en Pedernales. #DesaparecidosEC 
https://twitter.com/Ahi_papa/status/722037535975809024,Respuesta civil a la busqueda de desaparecidos en #TerremotoEcuador con hastag #DesaparecidosEC @ANEPPCE @Cieminfo
https://twitter.com/DavidMorenoT/status/721854036970971136,"RT cherryblossomg: Jessica, Walter y ThaisZambrano están desaparecidos en Pedernales. RT! #DesaparecidosEC https://twitter.com/cherryblossomg/status/721796023144816642/photo/1pic.twitter.com/PakBXUizBs "
https://twitter.com/RadioElite1027/status/721835506410065920,#DesaparecidosEC Su ayuda para enconyrarlos Nelson Sanchez y su bebé de 4 meses desaparecidos informes al 0994294295 
https://twitter.com/nativasecuador/status/721797182777634816,Buscar a sus desaparecidos en esta lista de heridos Pedernales. #DesaparecidosTerremotoEcuador #DesaparecidosEC 
,
https://twitter.com/NiColeDelPo/status/722067023145082880,#DesaparecidosEC #DesaparecidosTerremotoEcuador se los busca en #Jama Ayuden a difundir #SismoEcuador #Desaparecidos 
https://twitter.com/ayudemosecuador/status/730485726186491906,#Colombia Publican fotos de colombianos desaparecidos en #SismoEcuador @WRadioColombia https://goo.gl/WHTKQe 
https://twitter.com/Silrath/status/721845415847571456,"#Desaparecidos en #Pedernales Miryam Jimenez, Pablito Celi y Carlos Chacon #PrayForEcuador @Gamanoticiasec"
https://twitter.com/RicardoMarinFe/status/721803440951803907,@JJOLMEDO_ @cruzrojaecuador #SOS #Desaparecidos #Manabi #Esmeraldas Familia desaparecidos en Portoviejo 
https://twitter.com/FranchescaMichu/status/721803656153182216,#Pedernales #thiagozambrano #leazambrano Desaparecidos Información 0979351187 @LaNoticiaRTS @RTS_LaNoticia
https://twitter.com/VIERJA50RUGEL/status/721841176970674176,@desaparecidos00 desaparecidos en terremoto ayuden compartiendo #Pedernales 
https://twitter.com/LauYan/status/721748651396059137,RT! DESAPARECIDOS en #ecuador. #PrayForEcuador #Pedernales 
https://twitter.com/Cynthiam_u/status/722218133428285440,En caso de desaparecidos en #jama #manabi #ecuador #ecuadorunido
https://twitter.com/ConectadosLoja/status/722097414887313409,#DesaparecidosEC Luis Jaime está #Desaparecidos en #TerremotoEcuador se encontraba en #Manabi Ayuden a difundir 
https://twitter.com/elcomerciocom/status/722031370269257728,[ #DesaparecidosEC ] RT @K_reliz84_fisio Freddy Rivas y familia están desaparecidos en #Pedernales https://twitter.com/K_reliz84_fisio/status/721934402532601856/photo/1pic.twitter.com/JFpCbpeP1N 
https://twitter.com/superk800radio/status/721925203010437120,Se busca en #Briceño #Manabi a Steven Reyna y su padre desaparecidos. Info a @GeraldineMG_ VÍA @desaparecidos00 
https://twitter.com/SabidoClick/status/721807388110622721,"RT Canditabil: .tinocotania desaparecidos José Luis y José David Eras, Pamela Naranjo #Pedernales #HotelRoyal info… https://twitter.com/Canditabil/status/721804178692116481/photo/1pic.twitter.com/EfRWUsqhHs "
https://twitter.com/Hinchade_Emelec/status/721772138567503874,RT Canditabil: Rt Caravana750 desaparecidos en #Pedernales # Hotel Royal José Luis y José David Eras. Pamela Naran… https://twitter.com/Canditabil/status/721767049345810433/photo/1pic.twitter.com/ZNkX5W5S9I 
https://twitter.com/marcelocarvallo/status/721769358213705728,"Seguimos buscando, Elizabeth Jiménez, Carlos Chacón y el niño Pablo Celí están desaparecidos en #Pedernales "
https://twitter.com/Daniel_BeltranC/status/721766550143967232,Por favor #RT una amiga su esposo e hijo no se sabe nada #Pedernales #Desaparecidos #Sismo #Ecuador
https://twitter.com/CaroCarolinaeC/status/721570351575080960,@ECU911_ favor ayuda para las personas en Canoa #Manabi hay varios desaparecidos #sismo @Riesgos_Ec @Presidencia_Ec
,
https://twitter.com/PublicaFM/status/724342290693652481,Usa el hashtag #DesaparecidosTFiscalía para ayudar en la búsqueda de desaparecidos por #SismoEcuador. 
,
,
,
,
,
,
,
,
,
,
,
,
,
,
Informacion-actualizacion de desaparecidos-herramientas,
https://twitter.com/EcuadorSeguro1/status/726064259306786817,Actualización de datos sobre cifras relacionadas con #TerremotoEcuador al 28/04 19h00. Desciende # de desaparecidos! 
https://twitter.com/elandivar/status/721936588499001344,Favor usemos todos esta herramienta para ayudar a encontrar a desaparecidos en #TerremotoEcuador https://google.org/personfinder/2016-ecuador-earthquake … Gracias @guidocaro
https://twitter.com/revistavistazo/status/727660179299414017,#TerremotoEcuador: Desaparecidos disminuyen en el último informe oficial. http://bit.ly/1TkxNMy 
https://twitter.com/pichondedino/status/722492645453467648,Los desaparecidos por el #TerremotoEcuador llegan a 1700 según cifras oficiales
https://twitter.com/ivannazau/status/721839451492782081,"¿Hay alguna cifra de desaparecidos? No muertos o heridos, sino desaparecidos #TerremotoEcuador"
https://twitter.com/jvaldiviesom/status/723611558786568192,"Últimas cifras #TerremotoEcuador:588 fallecidos,8340 heridos,130 desaparecidos,113 rescatados con vida,1856 casas afectadas y 1808destruidas"
https://twitter.com/EcuavisaInforma/status/723716007773233153,Conozca el último balance de fallecidos y desaparecidos por #TerremotoEcuador http://bit.ly/215jqBZ 
https://twitter.com/mexnewz/status/721871590678351872,Victimas asciénden a 288 y miles de desaparecidos por #TerremotoEcuador su fuérte efecto se debio a poca profundidad
https://twitter.com/Lourdes_AR/status/721760784770928640,"La pag de fb https://www.facebook.com/permalink.php?story_fbid=1794576287439248&id=1794572300772980 … para desaparecidos por #terremotoEcuador esta teniendl acogida, sigan difundiendo!"
https://twitter.com/EstefaniaCeliR/status/721840045045465088,En este drive están las fotos y los datos de los desaparecidos en el #TerremotoEcuador 
https://twitter.com/dyanapm/status/722083553132027904,"Lista de desaparecidos, revisen y compartan. https://docs.google.com/spreadsheets/d/1ornMNzY_lZKKXyE8MYi5QsnzZr13PUXJpeTSjL-jfcg/htmlview?usp=embed_facebook&sle=true … … #TerremotoEcuador Via @dhanna"
https://twitter.com/liliana_llanes/status/727930553043976194,Secretaría de Riesgos actualiza cifra de fallecidos y desaparecidos por el #TerremotoEcuador | @eluniversocom
https://twitter.com/aldiacomec/status/721791799803658240,"En #Pedernales se busca entre escombros a 150 desaparecidos, dice Ministro Serrano #TerremotoEcuador http://fb.me/2LX26HPNJ "
https://twitter.com/innobis_ec/status/721783529487654913,Amigos Para desaparecidos hay esta herramienta ayudará en algo https://google.org/personfinder/2016-ecuador-earthquake …. #FuerzaEcuador #TerremotoEcuador
https://twitter.com/javiersalgadode/status/721778650354479104,Google activa #PersonFinder para hallar a desaparecidos en #TerremotoEcuador http://goo.gl/hy1NKX 
https://twitter.com/susanamorg/status/721709386373197824,Cómo usar el buscador de Google desaparecidos por #TerremotoEcuador 
https://twitter.com/HerreraWilson93/status/721697437983895553,Éste es el Linck de S Check https://m.facebook.com/crisis/  para agilizar a búsqueda de desaparecidos #TerremotoEcuador #WHM
https://twitter.com/RoxyToral/status/721606662595952640,Google habilita aplicación para localizar a desaparecidos tras #TerremotoEcuador Conoce cómo funciona -?http://google.org/personfinder/2016-ecuador-earthquake …
,
,
,
Infraestructure,
https://twitter.com/jfcarpio/status/722109268359528449,"Daños en Portoviejo, V #TerremotoEcuador "
https://twitter.com/Gamanoticiasec/status/721705109596553216,#Chone también sufrió daños #TerremotoEcuador #Manabí @ElOro_aldia
https://twitter.com/reijournalist/status/721673899054874624,#TerremotoEcuador | Edificios con graves daños en sus estructuras en #Manta #Manabí
https://twitter.com/BancoPichincha/status/721867703343050752,Consulten el listado de agencias que debido a los daños sufridos no atenderán el lunes 18 de abril.#TerremotoEcuador 
https://twitter.com/lahistoriaec/status/721675949775982592,"Terribles daños en la vía #Portoviejo-#Pedernales, provincia de #Manabí, por #TerremotoEcuador. "
https://twitter.com/MiguelYunezF/status/721611124739809280,Graves daños edificio Samborondon Plaza #TerremotoEcuador @EcuavisaInforma @eluniversocom @CNNEE
https://twitter.com/lajornadaonline/status/721555520318885888,Sismo en Ecuador provocó daños en varios aeropuertos #TerremotoEcuador http://bit.ly/1W8muw0 
https://twitter.com/heliosesteban/status/721574175786315776,"Más imágenes de los fuertes daños que provocó el #TerremotoEcuador en #Pedernales, Manabí. """
https://twitter.com/lahistoriaec/status/721635135473500160,Hospital del IESS de #Guayaquil con daños materiales tras #TerremotoEcuador 
https://twitter.com/pousuazo/status/721715996050874370,#Terremotoecuador daños en infraestructura vial. 
https://twitter.com/InspectorArias/status/721611952150212608,#TerremotoEcuador daños en sala del ecu911 @LosConfiables @soyfdelrincon @pedritoortizjr @noticierouno @cala
https://twitter.com/SkyAlertMx/status/721500216994574336,"Daños a lo largo de Ecuador, varias estructuras colapsaron #TerremotoEcuador "
https://twitter.com/IvanTrivinoS/status/721802799831453696,Más daños de lo q dejó el #TerremotoEcuador 
https://twitter.com/tomebamba/status/721726075382927360,Graves daños deja el #terremotoEcuador en Portoviejo 
https://twitter.com/SkyAlertMx/status/721536098648764417,Terribles daños luego del #TerremotoEcuador 
https://twitter.com/jfcarpio/status/722108486759399424,"Daños en Portoviejo, III #TerremotoEcuador"
https://twitter.com/IvanTrivinoS/status/721800695347814402,Más daños alrededor del país.. #TerremotoEcuador
https://twitter.com/teleamazonasec/status/721705057255886848,#TerremotoEcuador Cifra de muertos y daños a nivel nacional >> http://ow.ly/4mMpSI 
https://twitter.com/ElOro_aldia/status/721703239658418176,#Chone también sufrió daños #TerremotoEcuador #Manabi
https://twitter.com/MSF_Espana/status/722890144928235524,"#TerremotoEcuador Un equipo de #MSF evalúa los daños en San José de Chamanga (Muisne, Esmeralda). "
https://twitter.com/elcomerciocom/status/722797013029400577,243 edificaciones de #Guayaquil registran daños parciales tras el #TerremotoEcuador » http://bit.ly/dnosGyq 
https://twitter.com/FFAAECUADOR/status/722510099382710272,Equipo de ingenieros civiles y geógrafos de la @ESPEU en #Pedernales evaluando daños #TerremotoEcuador #FFAAContigo
https://twitter.com/SaveChildrenEs/status/722077705030787073,#TerremotoEcuador Nuestros equipos están evaluando los daños y activando la respuesta. Dona http://bit.ly/22HMAGj 
https://twitter.com/ecuavisa/status/722076814357573632,Se reportan daños en la estructura del edificio Solca Guayaquil. Fotos: @nicbritograndes #TerremotoEcuador
https://twitter.com/teleamazonasec/status/721836241638055936,Los reportes de daños estructurales en Guayaquil siguen llegando #TerremotoEcuador ? http://ow.ly/4mN1i9 
https://twitter.com/el_marmendo/status/721790505965723648,"Hospital de #Chone #Manabi atiende a pacientes en sus afueras, por daños en sus instalaciones #TerremotoEcuador "
https://twitter.com/teleamazonasec/status/721764835374063616,Daños en la provincia de Los Ríos tras terremoto >> http://ow.ly/4mMHfm  #TerremotoEcuador 
https://twitter.com/Expresoec/status/721716881493737472,Daños estructurales y más graves en #Samborondon vía @lalo_correa #TerremotoEcuador 
https://twitter.com/teleamazonasec/status/721706781395824641,#TerremotoEcuador Daños en infraestructuras http://ow.ly/4mMpSI 
https://twitter.com/lizvalarezo/status/722788492019965952,En Guayaquil tras el terremoto hay 47 casas destruidas y 262 edificaciones entre casas y edificios con daños parciales #TerremotoEcuador
https://twitter.com/MSF_Espana/status/722735080947523585,"#TerremotoEcuador Un equipo de #MSF evalúa los daños en San José de Chamanga (Muisne, Esmeralda). "
https://twitter.com/teleamazonasec/status/721701432584454144,"El aeropuerto de Manta se encuentra operativo, a pesar de daños en su torre de control #ENVIVO >> http://ow.ly/4mLVQi  #TerremotoEcuador"
https://twitter.com/ronaldcordova/status/721677890895659008,#TerremotoEcuador Vía: @mivanrodriguez Llegan primeros reportes de daños vía Portoviejo Pedernales #SismoEcuador
https://twitter.com/InspectorArias/status/721605379902349312,#TerremotoEcuador En Guayaquil reportan daños en la estructura del puente del velero a la altura de calle Aguirre más en @noticierouno
https://twitter.com/SkyAlertMx/status/721493421840474112,Comienzan a llegar reportes de daños en #Guayaquil Ecuador luego del #TerremotoEcuador 
https://twitter.com/drgomezmacias/status/722168176092520454,@Riesgos_Ec viviendas inestables en taqui #TerremotoEcuador #manta se requiere que se evalúe daños de estructuras 
https://twitter.com/tomebamba/status/721699555184676865,En #Pedernales pocas estructuras quedaron en pie tras el #TerremotoEcuador @kleberaranda1
https://twitter.com/drgomezmacias/status/722166589588652033,"#manta #TerremotoEcuador @Riesgos_Ec la gente habita aún estas estructuras,Hay que evaluar riesgos y evitar accide "
https://twitter.com/eluniversocom/status/728070542318829568,Luego del #terremotoEcuador se hizo un análisis de las estructuras ? http://ow.ly/4nrqkE  /
https://twitter.com/manologallegos/status/723824205549150211,Fotos que no dejan de impresionar #Sismo #Estructura #ingeniería #TerremotoEcuador vía @elmundoes
https://twitter.com/aldiacomec/status/723508326529667072,#TerremotoEcuador de 7.8 afectó estructura de tanque elevado de agua en “El Salto” http://aldia.com.ec/los-rios/item/10254-terremoto-de-7-8-afect%C3%B3-estructura-de-tanque-elevado-de-agua-en-%E2%80%9Cel-salto%E2%80%9D.html#.VxoqO-tDDuc.twitter …
https://twitter.com/drdavidalcivar/status/721792807648763908,Estructura de paso elevado #Guayaquil colapsa luego de #TerremotoEcuador #EcuadorListoySolidario
https://twitter.com/teleamazonasec/status/721772412736512000,Continúa la búsqueda con canes especializados bajo estructuras colapsadas en Manta #TerremotoEcuador 
https://twitter.com/lahistoriaec/status/721613512309673984,Terminal Terrestre de Manta presenta daños en su estructura por el #TerremotoEcuador 
https://twitter.com/lahistoriaec/status/721562768583892992,"Hotel Mayita, otra estructura que colapsó esta noche en #Manta por #TerremotoEcuador. "
https://twitter.com/RCanelaFMacas/status/732982048688852992,"REPORTAN, edificios afectados con #TerremotoEcuador el 16 de abril pasado, ahora colapsaron . Vía @PaoloSIP"
https://twitter.com/DetectiveDiario/status/725349057007370240,Aumentan los daños por #TerremotoEcuador “704 casas colapsaron en #Babahoyo” http://www.eldetectivediario.com/20160427730  #LosRios
https://twitter.com/BeatrizHLeon/status/724200040470855681,"De ese edificio, cuyas 5 lozas colapsaron, un padre salvó a sus 2 hijos #TerremotoEcuador "
https://twitter.com/Johanna_Ramos/status/723150818078240768,16 edificaciones colapsaron y 46 están por colapsar. Se empieza ya con el derrumbe. #Portoviejo #TerremotoEcuador 
https://twitter.com/lizcitaprensa/status/722968220953546752,"#TerremotoEcuador. 42 hoteles colapsaron por el terremoto en Pedernales, Manta y Portoviejo | El Comercio http://www.elcomercio.com/actualidad/hoteles-colapsaron-terremoto-manabi.html …"
https://twitter.com/cristreyes/status/721742414872997888,"102 casas colapsaron en #Esmeraldas, según informe de la Gobernadora @paolacabezas1 #TerremotoEnEcuador #Noticias #TerremotoEcuador"
https://twitter.com/lahoraecuador/status/721693855154835456,"#TerremotoEcuador 10 hoteles colapsaron con huéspedes en su interior en Pedernales, Manabí "
https://twitter.com/CREsatelital/status/721682178845896704,#TerremotoEcuador informa @alcaldiagye que 8 viviendas colapsaron en la ciudad y están cerrados los túneles
https://twitter.com/MauroSukonota/status/721626554577629184,#País : Aproximadamente 10 hoteles colapsaron en #Pedernales informa Cámara de Turismo de #Manabí #TerremotoEcuador
https://twitter.com/Maevaca/status/722853295535034368,"Presidente #Correa señala que colapsaron los hospitales de Manta, Bahía y Chone tras #TerremotoEcuador @el_telegrafo"
https://twitter.com/_MayraPacheco/status/721694745437868033,"Hay turistas que estaban en los hoteles y estos colapsaron dice Gabriel Alcívar, alcalde de Pedernales #TerremotoEcuador @elcomerciocom"
https://twitter.com/HSE_Ecuador/status/721694269983973376,"FYI: #TerremotoEcuador 10 hoteles colapsaron con huéspedes en su interior en Pedernales, Manabí ????????"
https://twitter.com/crocai/status/722122767265579008,"#TerremotoEc Solca, Hosp Naval y Hosp Icaza hasta el momento son los únicos que presentan daños en #Gye. Son edificios con más de 30 años"
https://twitter.com/KattoBS/status/722035908510380032,"Manabí sigue necesitando ayuda, zonas como #Jama #Canoa #SanVicente #Bahía #Portoviejo con grandes da?os. #TerremotoEc #Manta #Pedernales"
https://twitter.com/sismoecuador/status/721893347170852866,Los daños que dejó terremoto en Ecuador desde un dron [VIDEO] #SismoEcuador #EarthquakeEcuador 
https://twitter.com/elcomerciocom/status/721694361306689537,[ #ACTUALIZACIÓN ] Daños en Pedernales » http://bit.ly/danosMan  #SismoEcuador 
https://twitter.com/oromartv/status/721648514829271040,AHORA | Se reportan más daños considerables en #Portoviejo #SismoEcuador 
https://twitter.com/AndrewsAbreu/status/721724019272261632,"#AHORA FOTOS Manta muy afectado, Pedernales destruido y Portoviejo presenta graves daños por terremoto #SismoEcuador "
https://twitter.com/EcuavisaInforma/status/721705610211958784,Los daños en la vía Portoviejo-Crucita que recoge el equipo de Ecuavisa que está en la zona. #SismoEcuador 
https://twitter.com/oromartv/status/721631400911364097,Se siguen reportando daños considerables en #Manabí #SismoEcuador
https://twitter.com/elcomerciocom/status/721677299893055489,[ #SismoEcuador ] Fotografías dan cuenta de algunos de los daños ocasionados en #Pedernales. Vía: @cristreyes
https://twitter.com/margabga/status/732871619698380800,No existen daños importantes en ninguna de las unidades de salud del @Salud_Ec ni del @IESSec seguimos monitoreando #SismoEcuador
https://twitter.com/PoliciaEcuador/status/722076116282957824,#CrnlAlulema #CmdteDMQ inspecciona deslizamiento de tierra en Cochapamba. Existe solo daños materiales #SismoEcuador 
https://twitter.com/REspinosa_G/status/721795271215214594,"Hospital del @IESSec en Manta presenta daños en infraestructura, pero la situación está controlada #SismoEcuador "
https://twitter.com/teleSURtv/status/721739365240672256,"#EnFotos | Daños en la vía #Portoviejo - #Crucita tras #SismoEcuador, vía @EcuavisaInforma #EcuadorListoYSolidario"
https://twitter.com/elcomerciocom/status/721706086403850240,Imágenes de los daños que dejó el terremoto en Pedernales y Babahoyo » http://bit.ly/SismImgn  #SismoEcuador 
https://twitter.com/carlosbernalEc/status/721540214615851009,"Las presas Poza Honda, La Esperanza, Azúcar, Daule Peripa y Tahuín no presentan daños estructurales durante #SismoEcuador"
https://twitter.com/teleamazonasec/status/721538443902390272,#SismoEcuador Daños estructurales en viviendas de Pedernales. http://bit.ly/1S28fHU 
https://twitter.com/cirax_/status/721533566698577920,Estos son algunos de los daños que ocurrieron en #Guayaquil... #SismoEcuador #TerremotoEcuador
https://twitter.com/CronicaLoja/status/721533239928745984,Se reporta daños de transformadores en 8 barrios del Sur y Norte Loja. #sismoecuador 
https://twitter.com/Cupsfire_gye/status/721521984224567296,#SismoEcuador daños en la central de 911 
https://twitter.com/AbyaYalatv/status/721510653844922368,"Daños severos en torre de control, aeropuerto Eloy Alfaro de Manta cerrado. #SismoEcuador "
https://twitter.com/DiarioExtraEc/status/721510264982675456,Algunos daños en diferentes ciudades del país #SismoEcuador 
https://twitter.com/pichinchauniver/status/721504339424968704,#SismoEcuador: @ECU911_ reporta daños estructurales en #Cuenca.
https://twitter.com/pichinchauniver/status/721501462153572354,#SismoEcuador: @ECU911_ informa daños estructurales en el Puente de la Av. de las Américas de Guayaquil.
https://twitter.com/sarahliah/status/721496284130123776,Casas en el centro de Quito registran daños tras #SismoEcuador de 7.5 
,
,
,
,
,
,
,
Need,
https://twitter.com/PattyVillacisM/status/722488334996676608,"Ya no se necesitan rescatistas, se necesita alimentos. !Por Dios! Hay lugares que no han llegado a ver si hay heridos #TerremotoEcuador"
https://twitter.com/georgina00104/status/722112861863088130,"#NosUneLoMismo @ecuavisa Bahía, Jama y Canoa necesitan ayuda URGENTE! Se necesita mucha atención #TerremotoEcuador "
https://twitter.com/jp_cordova/status/721818465095520257,URGENTE: Se necesita ayuda en Tame Cargo para organizar las donaciones #TerremotoEcuador. Ayuden a compartir!! 
https://twitter.com/ferpesantez/status/721542261050339328,"80% de Pedernales lamentablemente destruida, hay caos, saqueos situación critica. Se necesita ayuda urgente #TerremotoEcuador @tomebamba"
https://twitter.com/Jen_solo_Jen/status/722616304478392322,Urgente difundir perrita necesita nuestra ayuda #TerremotoEcuador @RescateAnimalEC @URRAGuayas @yoamoanimales RT
https://twitter.com/Denilicioussss/status/721800899174207488,ATENCIÓN RT #SanIsidro #Manabí Necesita ayuda! #TerremotoEcuador 
https://twitter.com/reijournalist/status/721724050138087424,#TerremotoEcuador | #Chone necesita AYUDA URGENTE @Riesgos_Ec
https://twitter.com/NaricesFriasEc/status/727896013298671616,"Calceto, uno de los sobrevivientes del #TerremotoEcuador, necesita ayuda » http://bit.ly/ayudaCal "
https://twitter.com/Pinbu_ec/status/722443241883361280,"Se necesita mucho. USTEDES SON HÉROES, mi admiración y respeto! #TerremotoEcuador ??????????"
https://twitter.com/LaRedEcuador/status/721783772799246340,. @Salud_Ec necesita VOLUNTARIOS #TerremotoEcuador 
https://twitter.com/WaBbYmE/status/722148605096783872,Esta es la medicina e insumos que se necesita. Por favor RT #TerremotoEcuador #donaciones
https://twitter.com/WaBbYmE/status/722156678892924928,En respuesta a @WaBbYmE  @WaBbYmE medicina que se necesita. RT #TerremotoEcuador #donaciones
https://twitter.com/nancytavf/status/722101322540007424,Esto se necesita en las zonas afectadas. #TerremotoEcuador
https://twitter.com/deliverytvec/status/722165277107032064,SE NECESITA DONADORES EN #Quito #TerremotoEcuador #SismoEcuador #Ecuador #ecuadorunido #EcuadorListoYSolidario
https://twitter.com/CMJarcia/status/722795505655406593,¡Hermanos! ¡Babahoyo también nos necesita! ¡Pasa la voz por favor! #PrayForEcuador #TerremotoEcuador ??????
https://twitter.com/AngelitoBlue/status/721903147548086273,Ayudenme con un RT por favor.. la tia de mi amiga lo necesita urgente #TerremotoEcuador 
https://twitter.com/NataCassette/status/722108826502242304,Por favor también se necesita MEDICINA.. Esta es la lista y también pañales para bebés! #TerremotoEcuador RT PORFA 
https://twitter.com/superk800radio/status/722107162848321537,IMPORTANTE En las donaciones se necesita este tipo de medicinas para llevar a los damnificados del #TerremotoEcuador 
https://twitter.com/RubensDelqui/status/721870524830367744,"#Muisne necesita AYUDA URGENTE, la gente está albergada sin agua ni alimentos!! #TerremotoEcuador"
https://twitter.com/aiarconsalvador/status/722122544925552641,URGENTE @cruzrojaecuador dice que necesita donantes de sangre tipo AB y O-. #TerremotoEcuador
https://twitter.com/titiaguilarg/status/722099140268843012,Por favor también se necesita MEDICINA.. Esta es la lista y también pañales para bebés! #TerremotoEcuador ??????????
https://twitter.com/Belliiisima89/status/722510088871755776,Amigos se necesita que donen AGUA!!! MUCHA AGUA!!! Pero MUCHA MUCHA AGUA!!! Y etiquetenlas!! #TerremotoEcuador #EcuadorListoYSolidario
https://twitter.com/MAB_cirugia/status/723173460680294400,Qué es lo que se necesita para los más peques: #soyecuador #TerremotoEcuador #fuerzaecuador
https://twitter.com/eduandinoe/status/722890060446564352,Imágenes de #Manta... Se necesita AGUA y COMIDA ! #TerremotoEcuador 
https://twitter.com/ayudaenaccion/status/723468458260881408,"#TerremotoEcuador La población necesita alimentos, agua, kits de higiene, botiquines... http://www.eldiario.es/ayudaenaccion/Terremoto_Ecuador-Colabora-Emergencia-Ayuda_en_Accion_6_507509281.html?utm_source=twitter&utm_medium=social&utm_content=terremotoecuador&utm_campaign=blog …"
https://twitter.com/mercurioec/status/722389358037331968,La @cruzrojaecuador informa que necesita de donación de sangre tipo O y AB #TerremotoEcuador 
https://twitter.com/edithiturralde/status/721718343682666496,"Se necesita personas voluntarias q se movilicen con sus propios medios:paramédicos,doctores. Hay gente atrapada. #TerremotoEcuador"
https://twitter.com/CRISDELVIT/status/721853779738566657,#Chone #Calceta necesita ayuda por favor dale #rt #TerremotoEcuador no hay agua para consumo humano ni alimentos
https://twitter.com/abigailj23/status/722228228757315585,Se necesita ayuda para descargar en tababela mañana a las seis de la mañana #TerremotoEcuador
https://twitter.com/JohnsonSaenz_/status/724082565762654208,URGENTE!!!! @vivianaasanza NECESITA un camión de 10 toneladas para llevar #Donaciones contacto LIA QUINTERO 0983523858 #TerremotoEcuador
https://twitter.com/PaulinaRecalde/status/722810075753029632,Sitios en los que se necesita trabajo para armar kits en centros de acopio #Quito #TerremotoEcuador Vía @DeMenteUIO
https://twitter.com/Belliiisima89/status/722790936074444800,Por Favor!!! 24 de Mayo necesita Ayuda!!! @Riesgos_Ec !!!! #TerremotoEcuador #EcuadorListoYSolidario
https://twitter.com/Morita_ec/status/722612310481760260,"#Tosagua necesita agua, víveres, etc Ayuda por favor #Manabi #AyudaEcuador #TerremotoEcuador #SeNecesitaEC"
https://twitter.com/Diana_Amores/status/722596269332553728,SE NECESITA: - Agua - Comida - Pilas - Linternas - Vajilla plástica (no desechable) - Medicinas - Toldos - Ya NO ROPA #TerremotoEcuador
https://twitter.com/dvalenciavela/status/722441335077281793,Dale RT! YA NO MÁS ROPA! Lo que se necesita MUCHA AGUA y los siguientes elementos. #TerremotoEcuador #FuerzaEcuador
https://twitter.com/Diana_Amores/status/722157410840940545,"¡Hora de donar sangre, panas! SE NECESITA donantes O-, AB+, AB- en Cruz Roja para heridos que empiezan a llegar a #Quito #TerremotoEcuador"
https://twitter.com/MarthaPine/status/722137847751446528,"Se necesita de la donación de medicinas, quienes requieran de donación de alcohol me avisan! Gracias RT #TerremotoEcuador"
https://twitter.com/dvalenciavela/status/722110510129393664,#AGUA! Varios lugares de recolección de donaciones dan cuenta que ropa hay mucha. SE NECESITA MUCHA AGUA! #FuerzaEcuador #TerremotoEcuador
https://twitter.com/Raidkkonen/status/722085569271099392,"Si pueden donar: Se necesita medicinas, gasas, pañales, agua. #FuerzaEcuador #TerremotoEcuador"
https://twitter.com/JoseAlziraBK/status/722077273764048896,"#TerremotoEcuador Difundir. En las zonas afectadas por el terremoto en Ecuador , se necesita urgentemente AGUA POTABLE"
https://twitter.com/el_telegrafo/status/721821602636304385,"Gabriela Rosero indica que se necesita comida, agua, ropa y carpas para ayudar a los afectados por #TerremotoEcuador"
https://twitter.com/el_telegrafo/status/721794422527102977,.@cruzrojaecuador informa que ya no necesita pintas de sangre ante emergencia de #TerremotoEcuador 
https://twitter.com/Glendibiris/status/721575181576183808,#Manabi necesita ayuda. Hay poca información. #SismoEcuador #TerremotoEcuador
https://twitter.com/Kimiee95/status/722235153653886978,Porfavor #RT .. Coaque necesita de tu ayuda! #SeNecesitaEC #SismoEcuador
https://twitter.com/NicoleGoveaF/status/722885047460585472,#URGENTE CAMIÓN SALDRÁ PARA CHARAPOTÓ Y NECESITA DONACIONES RT! @aguschmer @la_abogada_ #SeNecesitaEC #SeOfreceEC
https://twitter.com/KevinBarretto/status/725135011385622529,AYUDA POR FAVOR Jorgito esta durmiendo en la calle en #Bahia y necesita reponer su tanque de oxígeno. #SeNecesitaEC
https://twitter.com/_veritoadry/status/722230472328232960,La Cruz roja informa que se necesita donaciones de sangre tipo O- y AB urgente. #SeNecesitaEC
https://twitter.com/jotaereve1994/status/722283647928254464,En #Esmeraldas también necesita ayuda #TerremotoEcuador #EcuadorListoYSolidario #SeNecesitaEC 
https://twitter.com/SilviaAndradeJ/status/722848895244439552,De Alemania quieren enviar ayuda se necesita contactos #SeOfreceEC #SeNecesitaEC
https://twitter.com/AleCarvajalM/status/722929354846691328,"#SeNecesitaEC Esto se necesita para hacer cada ataúd, tenemos manos, faltan materiales. Paula Petinelli 0994975878 "
https://twitter.com/alissaara95/status/722461680601587712,"La UCSG se necesita donaciones de madera ,ya conseguimos carpinteros para ayudar a hacer los ataúdes. #SeNecesitaEC "
https://twitter.com/BarceloEc/status/722438358903996416,@Belliiisima89 @JefeUrbano se necesita info sobre medicinas n refugio n aeropuerto d manta. AYUDA! #SeNecesitaEC 
https://twitter.com/jotaereve1994/status/722288288795594752,Universidad Católica Santiago de Guayaquil necesita de carpinteros para hacer ataúdes #EcuadorListoYSolidario #GraciasUCSG #SeNecesitaEC
https://twitter.com/ShirCath/status/722879450975727616,#SeNecesitaEC por favor #Calceta necesita de nuestra ayuda estamos recogiendo donaciones en Av.Isidro Ayora RT 
https://twitter.com/friega_again/status/722628210568142850,"6) Canoa necesita: ataúdes, bolsas para cadáveres, agua higiene cloro #SeNecesitaEC y voluntarios reconstrucción"
https://twitter.com/ShirCath/status/723174695370121216,"#SeNecesitaEC Esmeraldas te necesita, ayuda a #Muisne y sus alrededores, haz llegar tus donaciones info aqui??"
https://twitter.com/Josufire/status/722873338423599105,Se necesita de suma urgencia zapatos para los perros rescatistas para Manabí y Esmeraldas #SeNecesitaEC
https://twitter.com/alejandro323/status/722270498508423168,"@Sr_Granda @el_marmendo @MonchiDingo su familia necesita ayuda, ella va para manabi esta semana #SeNecesitaEC "
https://twitter.com/Un_Traguito/status/722880122991284224,"POR FAVOR SE NECESITA ZAPATOS PROTECTORES PARA PERROS, ELLOS TAMBIÉN ESTÁN RESCATANDO Y SE CORTAN. #SeNecesitaEC"
https://twitter.com/Don_Silvin/status/722652982882529280,#SeNecesitaEC Esmeraldas necesita de nosotros hoy más que nunca 
https://twitter.com/Pepe_AV7/status/722462127894753280,"Por favor, se necesita gente para construir ataúdes. Aquí está toda la información. #SeNecesitaEC DIFUNDIR. "
https://twitter.com/IvanOrlando19/status/723694468172488704,El domingo viajamos a Piquigua un pueblito que necesita mucha ayuda. Necesitamos sus donaciones #SeNecesitaEC 
https://twitter.com/PaaVelez/status/722595753512845313,"Se necesita transportar la donación de CAL, es urgente, en Manabí lo necesitan. Estoy en Guayaquil #SeNecesitaEC #donacionesecuador"
https://twitter.com/Andrex_Lopez/status/723587305190133760,"Se necesita mucha agua, los que puedan ayudar comprando, aquí les dejo una buena opción #SeNecesitaEC "
https://twitter.com/alvarex10/status/723304858451881984,#SeNecesitaEC en el sector de Santa Martha en Chone se necesita mucha ayuda por favor hay muchísima necesidad 
https://twitter.com/wladiradio/status/722211280925388800,Duele entenderlo @TIAEC se supone que #NosUneLoMismo que deseamos ayudar #SeNecesitaEC SE necesita agua No COCACOLA. 
https://twitter.com/CREsatelital/status/722907026263711746,#Difundir Se necesita voluntarios para armar casas prefabricadas #SeNecesitaEc #UnidosPorEcuador Contacto: ??0998029929 ??@la_abogada_
https://twitter.com/maggucha/status/722470496168714242,#SeNecesitaEC es lo q mas se necesita! 
https://twitter.com/Wellingpaz/status/722177363094695937,San Isidro cerca a Pedernales también necesita ayuda #NosUneLoMismo #SeNecesitaEC 
https://twitter.com/afreiret/status/722170405021171718,Por favor pasen la voz vayan preparados para ver lo peor se necesita ayuda #TerremotoEcuador #SeNecesitaEC 
https://twitter.com/CorreismoNunca/status/723727922293563392,"@DonLiberio please RT, albergue en Crucita con 167 niñ@s sin padres necesita de todo UR! Fernando Mitte 0983459893 #SeNecesitaEc"
https://twitter.com/LilCatherine/status/723926204093456384,"No se lleno el camión ayer, hoy se necesita de uds!?? Recorremos los sectores más afectados en Manta #SeNecesitaEC "
https://twitter.com/MaGracia88/status/722158782135037952,Chicos se necesita antibióticos intravenosos! Estamos en la cruz del papa! #SeNecesitaEC #TerremotoEcuador #NosUneLoMismo #FuerzaEcuador
https://twitter.com/mlpatinol/status/722329982710759424,#EcuadorSolidario Chone necesita ayuda #SeNecesitaEc @gabita @GabrielaObando @GabiViveroA @fmilhojas @skueffner
https://twitter.com/alejo_auz/status/722913335763578884,#SeNecesitaEC @JeckaZamOrita saldrá con una brigada de apoyo hacia Pedernales y necesita lo siguiente ????
https://twitter.com/Republica_BSC/status/722421300392828928,Vamos Pueblo que Manabi nos necesita. Ahora es cuando podemos ayudar. #SeNecesitaEC #EcuadorListoYSolidario
https://twitter.com/Futbol17_ec/status/722935351128535040,"#SeNecesitaEC Esto se necesita para hacer cada ataúd, tenemos manos, faltan materiales. Paula Petinelli 0994975878 "
https://twitter.com/mcdc_mcdc/status/1107297273824858112,Favor RT #Machala ¿Habrá alguna autoridad o persona humanitaria que la ayude? Paciente joven con #Cancer y embarazada necesita 2 pintas de #sangre O+ #SeNecesitaEc 
https://twitter.com/mcdc_mcdc/status/980225953858244609,"Favor RT para ayudar a abuelito en #Guayaquil #SeNecesitaEc Si alguna autoridad pudiera ayudar con este caso, por favor. Y si ellos no responden, estamos nosotros, no lo dejemos solo. Don Miguel nos necesita. "
https://twitter.com/belenfalquez/status/724778707496349696,"Si quieren donar cunas, coches, corrales también se necesita!! #SeNecesitaEC #BahiadeCaraquez las donaciones son recibidas en @LCafetera"
https://twitter.com/pedritoortizjr/status/723320200632918016,Ella está cosiendo botas y protectores para los perros rescatista s y necesita material #SeNecesitaEC #SeOfreceEC
https://twitter.com/Belliiisima89/status/723317945863155712,"#SeNecesitaEc URGENTE!!!! Que se contacten con @ElNegroGiordano mañana viaja a Manabí necesita ropa y pañales para bebé, Sra apunto de parir"
https://twitter.com/julietaherreria/status/722968692749950976,"#SeNecesitaEC que se recorte presupuesto de SABATINAS, ministerios, sueldos asambleistas, entre otros!! SE NECESITA URG!!"
https://twitter.com/CREsatelital/status/722907673591549954,#Difundir Se necesita agua para llevar a #Manta y #Portoviejo ??#SeNecesitaEC #UnidosPorEcuador
https://twitter.com/JmPaqYShafa/status/722900425318346752,San Plácido cerca de Portoviejo necesita ayuda de urgencia @InclusionEc @DefensaEc @Salud_Ec @MashiRafael @cruzrojaecuador #SeNecesitaEC ????
https://twitter.com/coniebaez/status/722889142720303104,#SeNecesitaEC Se necesita Urgente donaciones de Vendas autoadhesivas de 5 a 7 pulgadas para los perros rescatistas. 1/2
https://twitter.com/JulioMerchan714/status/722803352426287108,Se necesita decenas de voluntarios para armar casas prefabricadas #SeNecesitaEc contactos 0998029929 @la_abogada_
https://twitter.com/MonicaFaour/status/722615711026307072,Alguien que vaya a canoa mañana se necesita ayuda para trasladar a Guayaquil a 2 niños y una abuelita #SeNecesitaEC @marylug
https://twitter.com/CanalRTU/status/722463467945529344,Se necesita ayuda en Tosagua y Rocafuerte #SeNecesitaEC 
https://twitter.com/KaritoSoBsc/status/722464903190167552,"Amigos, llegando a Pedernales un pequeño lugar llamado La Cabuya nos necesita, nadie ha llegado con ayuda allí por favor RT #SeNecesitaEc"
https://twitter.com/DavidMorenoT/status/722244304379490305,RT Kimiee95: Porfavor #RT .. Coaque necesita de tu ayuda! #SeNecesitaEC #SismoEcuador
https://twitter.com/Vyepeztouriz/status/722225146212257792,"#SeNecesitaEC En el cuerpo bomberos de Samborondon se reciben víveres hasta las 11 , se necesita comida de bebe RT"
https://twitter.com/pineapple1728/status/722170081434800129,"Cantón #FlavioAlfaro necesita de su ayuda, No a llegado ayuda allá y necesitan de agua, comida y ropa. #SeNecesitaEc "
https://twitter.com/vanessein/status/722169776311836672,"En Portoviejo se necesita formol, las farmacias están cerradas y las que están abiertas no tienen. #SeNecesitaEC"
https://twitter.com/chayotitaMlec/status/722146418392227840,"Se necesita: arroz, leche en polvo y d fórmula, agua, pañales niños y personas adultas, comida enlatada, platos desechables #SeNecesitaEC"
https://twitter.com/sarrobo/status/722133508831985665,"#SeNecesitaEC donadores de sangre en H. Eugenio Espejo. Se necesita tipo de sangre O-, AB+, AB - en @cruzrojaecuador"
https://twitter.com/martharoldos/status/722093826358255616,#SeOfreceEC y #SeNecesitaEC Ofrecen cartones para centros de acopio Se necesita que alguien vaya a recogerlos
https://twitter.com/TECHOecu/status/744952054108532736,¡Ecuador aún necesita de tu apoyo! Dona al proyecto de @TECHOecu reconstrucción en zonas más empobrecidas y afectadas por el #terremotoEc
https://twitter.com/DeathMetal_Ec/status/722233909920935936,También se necesita medicinas.. #TerremotoEc https://www.instagram.com/p/BEXP0WQmnrV/ 
https://twitter.com/KattoBS/status/722044069405396992,Se necesita personal médico de #Manabí y #Ecuador que estén dispuestos como voluntarios para ir a zonas afectadas. @Salud_Ec #TerremotoEc
https://twitter.com/DaytaMorales/status/721927970517041152,"@topos -Ecuador necesita ayuda, varias ciudades, pueblos y recintos no han sido atendidos no podemos rechazar ayuda profesinal #TerremotoEc"
https://twitter.com/Resiflex/status/722043623836160000,"#Ecuador te necesita. ""Ayúdanos a ayudar"" Haz tu donación y apoya a los damnificados #SismoEcuador #Resiflex"
https://twitter.com/tulcanmunicipio/status/721813833229156354,Esperamos por ti... Ecuador te necesita #SismoEcuador 
https://twitter.com/EcuadorTV/status/762875150136143873,#SismoEcuador I Recuerda qué necesita tener en su mochila de emergencia ante eventos naturales. 
https://twitter.com/DayanaLeonF/status/725520442325368834,.@Salud_Ec ??Doctora cubana víctima de #SismoEcuador está en terapia y necesita Albumina al 20% 30 frascos // @bacamancheno @margabga
https://twitter.com/UNISDR_Americas/status/723270285923897344,#SismoEcuador RT @tvnnoticias: ¡Ecuador nos necesita! Lleva tus donaciones a la Embajada de #Ecuador en #Panamá.
https://twitter.com/GrupoFARO/status/722823512713338880,"#SismoEcuador Motiva a que se sumen, nuestro país lo necesita. Más información aquí http://bit.ly/1qZI8qM ."
https://twitter.com/DanieelBernal/status/722147156610691072,Por favor difundir. Muisne necesita su apoyo también. #EcuadorListoYSolidario #SismoEcuador #Muisne
https://twitter.com/Holieregui/status/722085002238935041,Mi país necesita toda la ayuda posible en este momento @5HonTour podrías ayudarnos posteando esto ????#SismoEcuador 
https://twitter.com/AmandaHidalgoA/status/722041624818282496,Alcaldía de Guayaquil informa: Centro de Convenciones sigue habilitado como centro de acopio. Se necesita fundas y voluntarios #SismoEcuador
https://twitter.com/MendozaJosePaul/status/721923369046843393,"Mi país, #Ecuador necesita de ustedes #Mexico al enviar a @topos #Topos #SismoEcuador #PrayForEcuador den rt por favor para que nos escuchen"
https://twitter.com/EstupinanXavier/status/722654465426354180,#SismoEcuador Amigos mi familia que vive en Esmeraldas dice que se necesita ayuda para Muisne y Chamanga que estan olvidados! Compartan!!
https://twitter.com/AgriculturaEc/status/722116685684219904,"Ecuador te necesita, si deseas realizar tus transferencias desde el exterior: #EcuadorListoYSolidario #SismoEcuador "
https://twitter.com/Alerta_Ecatepec/status/722111355256315908,"Por el #SismoEcuador también los animales y mascotas están sufriendo, ayudemos @RefugioManta necesita apoyo "
https://twitter.com/MaGa_4ever/status/721919186990198784,"La chorrera, Pedernales, Manabi, se necesita ayuda urgente. @mmcuesta @cholucon @MashiRafael #EcuadorListoYSolidario #SismoEcuador"
https://twitter.com/EstefyBravoI/status/721894307792359424,Se necesita maquinaria para #Jama por favor Este cantón esta perdido. Se necesita ayuda @Gamatvec @JorgeGlas #SismoEcuador #TerremotoEcuador
https://twitter.com/edithiturralde/status/721832855937093634,"En Centro de Exposiciones Quito, se necesita cartones y cinta de embalaje, para recoger donaciones. #EcuadorListoYSolidario. #SismoEcuador"
https://twitter.com/UISEK/status/721793638750150656,"Comunidad #UISEK, Ecuador nos necesita, es el momento de ayudar. #SERMEJORES #SismoEcuador "
https://twitter.com/gabygalarragav/status/721759889547255808,Esto es lo que se necesita para apoyo #SismoEcuador Donaciones sugeridas: 
https://twitter.com/NarcisaGarzon/status/721728496230342659,Colegas estamos listos para el Servicio ????nuestro Ecuador Nos necesita ????Solidaridad #SismoEcuador @Salud_Ec
https://twitter.com/RecNaturalesEC/status/721688446180401152,El país nos necesita unidos y solidarios. Todos podemos colaborar. #SismoEcuador 
https://twitter.com/estebi2705/status/722073175765479428,#EcuadorListoYSolidario Los animales afectados por #SismoEcuador necesitan de nuestra ayuda! https://www.facebook.com/events/1550400681921325/ …
https://twitter.com/LichiTrujillo/status/722215645170049026,San Clemente y San Jacinto también necesitan ayuda!!!! #SismoEcuador #QuitoSolidario #EcuadorListoYSolidario
https://twitter.com/AmelinaEspinosa/status/722907185458446338,Difundamos por favor!!! Se necesitan envases con tapa y limpios #EcuadorListoYSolidario #SismoEcuador 
https://twitter.com/ArnaldoMina/status/721916351049265154,Ellos también necesitan ayuda. #TerremotoEcuador #SismoEcuador #Pedernales #Muisne
https://twitter.com/concertacionec/status/721736250399539201,"Llamamos a solidarizarnos, zonas afectadas por el #SismoEcuador necesitan nuestras donaciones #FuerzaEcuador."
https://twitter.com/meylulaura/status/722344173437861888,IMPORTANTE. July Delgado y su familia nos necesitan. Cualquier granito de arena será de gran ayuda!! #SismoEcuado
https://twitter.com/FCRManriqueESP/status/722036841776574466,Ayuda gente de Miami necesitan ayuda ??#SismoEcuador #Canoa RT @RobertoManrique @KarlaMoralesR
https://twitter.com/ZobeidaGudino/status/721689378058342401,[ATENCIÓN] Unamonos y ayudemos a nuestros hermanos que lo necesitan. Difundamos esta información. #SismoEcuador. 
https://twitter.com/CancilleriaEcZ3/status/722084436595109889,"#EcuadorListoYSolidario #SismoEcuador tu apoyo es importante, nuestros hermanos nos necesitan "
https://twitter.com/MunicipioQuito/status/721675431489966082,#QuitoSolidario los hermanos ecuatorianos nos necesitan. Contribuye con tus donaciones #SismoEcuador #PrayForEcuador
https://twitter.com/SENAE_Aduana/status/722184978172416000,Desde #PtoBolivar enviamos nuestra ayuda a quienes más lo necesitan #SismoEcuador #EcuadorListoYSolidario
https://twitter.com/ECU911_/status/732989023711559686,Recuerda que hay personas vulnerables que necesitan tu ayuda. #SismoEcuador 
https://twitter.com/PoliciaEcuador/status/723618657348268032,NUESTRAS MASCOTAS nos necesitan. #CRAC implementa plan para reubicar mascotas en zonas afectadas #SismoEcuador 
https://twitter.com/DefensaEc/status/722525091305779201,Tú donación es importante. Estos son los elementos prioritarios que necesitan las personas afectadas #SismoEcuador
https://twitter.com/rpadpre/status/722146204407226368,"Heridos de gravedad están llegando a Quito se necesitan donaciones de sangre, en la cruz roja y hospital Eugenio Espejo #SismoEcuador RT"
https://twitter.com/eltiempocuenca/status/722071092223995904,Los medicamentos que nuestros hermanos necesitan. #SismoEcuador > @bessygranjaOK
https://twitter.com/danychaconarias/status/722064596283092992,"Se necesitan cartones, cinta de embalaje, marcadores y muchas manos voluntarias para clasificar las donaciones. #SismoEcuador @RADIOZARACAY"
https://twitter.com/bessygranjaOK/status/721897996506505216,Se necesitan pintas de sangre A+ para esposa del señor que falleció en el puente. Si desean colaborar informes por interno. #SismoEcuador
https://twitter.com/friega_again/status/721888313792196609,"Necesitan ayuda a Muisne y Chamanga, Chone Calceta Jama y otros que no está en la vía y no se dice mucho. #SolidaridadEcuador #SismoEcuador"
https://twitter.com/Expresoec/status/721797096144244736,"Los @BomberosGYE (frente al Teatro Centro de Arte) necesitan botiquín de primeros auxilios, botellones de agua y linternas. #SismoEcuador"
https://twitter.com/conquitouio/status/721697245108793346,#QuitoSolidario los hermanos ecuatorianos nos necesitan. Contribuye con tus donaciones #SismoEcuador #PrayForEcuador
https://twitter.com/LilithdBeauvoir/status/721693824754520064,"#QuitoSolidario se necesitan alimentos NO perecibles, Ropa en buen estado, cobijas #SismoEcuador "
https://twitter.com/Yoeliramirez/status/721689112391086088,"#SismoEcuador ""80% de #Pedernales está devastada, la situación es grave"": necesitan alimentos, agua, medicina... @NTN24 #camaradecomercio"
https://twitter.com/Jenniferkriss/status/721685674034884608,"Las provincias más afectadas nos necesitan, brindemos nuestro apoyó #QuitoSolidario #SismoEcuador #FuerzaEcuador"
https://twitter.com/YoSoyChonero/status/721683587825864704,dispuesto ayudar avisen donde necesitan voluntarios tamos activo #SismoEcuador #FuerzaEcuador
https://twitter.com/FriendlyTransf/status/721679833286189056,Muchas familias en EE.UU. necesitan enviar dinero a sus familiares. Con https://www.friendlytransfer.com/home.aspx  es gratis #SismoEcuador
https://twitter.com/piantomv/status/722267127089086464,URGENTE! Coaque necesita ayuda! #EcuadorListoYSolidario @emelec
https://twitter.com/onedoodleperday/status/721908907875110912,@RescateAnimalEC necesita ayuda para poder trasladar a veterinarios y voluntarios. #EcuadorListoYSolidario
https://twitter.com/AngelMontero_S/status/722029580048023552,Nuestro país nos necesita!!! #EcuadorListoYSolidario @Becarios_Zona7 @dianitayazmin1 @CarlosJumboLima
https://twitter.com/may_karo30/status/722200189361123332,"Urgente: no donar mas ropa por el momento, se necesita con urgencia formol y féretros. Cuerpos en descomposición #ecuadorlistoysolidario"
https://twitter.com/DDMEcuador/status/722168742218764288,Se necesita más Donaciones para #bahiadecaraquez #Manabi información ver imagen #EcuadorListoYSolidario ??????
https://twitter.com/estamosdeviaje7/status/722470489503973376,#EcuadorListoYSolidario #EcuadorUnido #YoSoyEcuador #YosoyAdra NO MÁS ROPA Se necesita de urgencia útiles de Aseo ??
https://twitter.com/DeporteEc/status/722448479377891328,"""Se necesita agua principalmente,también leche en polvo,pañales"". Viceministra @KarinaSaenzQ #EcuadorListoYSolidario "
https://twitter.com/DeporteEc/status/722426623610499072,"""Se necesita agua, alimentos, ropa. Vamos a salir adelante"". Esteban Espinoza, karateca #EcuadorListoYSolidario "
https://twitter.com/el_telegrafo/status/722175994665312256,#EcuadorListoYSolidario Lleve su kit de alimentos armado. Aquí el listado de lo que se necesita. 
https://twitter.com/AbrahamMateoEcu/status/722151115714912256,RT #EcuadorListoYSolidario | En el aeropuerto de Tabela se necesita voluntarios para subir donaciones en aviones! #URGENTE
https://twitter.com/EcuadorTV/status/722094179644522496,"#SismoEcuador #EcuadorListoYSolidario | Tribuna del Sur. Se necesita donación de alimentos, agua y artículos de aseo "
https://twitter.com/DefensaEc/status/722092071121719297,El agua debe entregarse en el Aeropuerto de Tababela. El país nos necesita. #EcuadorListoYSolidario 
https://twitter.com/ciespal/status/722091320681054208,¡Ecuador necesita de todos! Te sugerimos algunos insumos para donar en Ciespal #EcuadorListoYSolidario 
https://twitter.com/rouvc/status/721902820014878721,"Ayuda por favor!! #Calceta ha sido muy afectada, se necesita mucha agua, comida, maquinaria #EcuadorListoYSolidario "
https://twitter.com/JorgeLeonLeon/status/721765889855631360,"@JorgeLeonLeon En Quito Tribuna del Sur se necesita cinta de embalaje, cartón, costales #EcuadorListoYSolidario"
https://twitter.com/KarlitaLeehain/status/721759077005713408,Ayuda para #Ecuador Se necesita donaciones y toda la ayuda posible. #EcuadorListoYSolidario #SismoEcuador
https://twitter.com/miriamsancheze/status/721736097831788544,Vía @jcarlosaizprua que se encuentra en #Pedernales se necesita urgente medicinas y alimentos. #EcuadorListoYSolidario
